405,10,10121,43073,76.6374731,12.3219262,GSM
405,10,10121,43081,76.6449197,12.3127035,GSM
405,10,10121,48042,76.6499919,12.3104775,GSM
405,10,10121,48091,76.6303341,12.3321175,GSM
405,10,10121,48092,76.6377417,12.3220989,GSM
405,10,10121,48132,76.6567838,12.312694,GSM
405,10,10121,48221,76.6292562,12.3328293,GSM
405,10,10121,48251,76.6454171,12.305191,GSM
405,10,10121,48253,76.6449057,12.3028791,GSM
405,10,10121,49491,76.6736273,12.2990911,GSM
405,10,10121,49593,76.6546977,12.3111501,GSM
405,10,10121,49673,76.647396,12.3045447,GSM
405,10,10121,49731,76.6289792,12.3249648,GSM
405,10,10121,49792,76.660303,12.3142546,GSM
405,10,10121,48133,76.6545684,12.3129653,GSM
405,10,10121,48212,76.6300362,12.3218399,GSM
405,10,10121,48252,76.6507824,12.3026446,GSM
405,10,10121,49551,76.6440085,12.3018579,GSM
405,10,10121,49681,76.6551776,12.3015062,GSM
405,10,10121,49732,76.6276417,12.3228303,GSM
405,10,10121,49753,76.6323218,12.3220711,GSM
405,10,10121,49772,76.6440875,12.3252641,GSM
405,10,10121,43072,76.6415731,12.3220386,GSM
405,10,10121,43193,76.6444255,12.302135,GSM
405,10,10121,48131,76.6556496,12.313537,GSM
405,10,10121,48211,76.6238178,12.3227199,GSM
405,10,10121,48263,76.6522318,12.3098139,GSM
405,10,10121,49853,76.6470326,12.3169635,GSM
405,10,10121,48041,76.6467769,12.3132886,GSM
405,10,10121,48043,76.6480036,12.309789,GSM
405,10,10121,48213,76.627569,12.3165177,GSM
405,10,10121,48222,76.6297652,12.3315716,GSM
405,10,10121,48261,76.6708155,12.3043482,GSM
405,10,10121,49601,76.6518197,12.3095065,GSM
405,10,10121,49603,76.6513714,12.3082638,GSM
405,10,10121,49671,76.6522094,12.3061669,GSM
405,10,10121,49702,76.6246687,12.334088,GSM
405,10,10121,49751,76.6336198,12.3242726,GSM
405,10,10121,49752,76.6355394,12.3227382,GSM
405,10,10121,49851,76.6553286,12.3148874,GSM
405,10,10121,43082,76.6481344,12.3100352,GSM
405,10,10121,43083,76.6456686,12.3092117,GSM
405,10,10121,48093,76.6312861,12.3278578,GSM
405,10,10121,48101,76.6298694,12.3140729,GSM
405,10,10121,48172,76.6521071,12.3146652,GSM
405,10,10121,48223,76.6291,12.3318924,GSM
405,10,10121,49612,76.6539815,12.3122841,GSM
405,10,10121,49613,76.6518127,12.3129616,GSM
405,10,10121,49782,76.6503031,12.3160541,GSM
405,10,10121,49793,76.6551456,12.3135224,GSM
405,10,10121,49852,76.6536483,12.3146235,GSM
405,10,10121,49973,76.6675235,12.3030082,GSM
405,10,10121,43191,76.649726,12.3030585,GSM
405,10,10121,48262,76.662741,12.3005527,GSM
405,10,10121,49591,76.6582913,12.3125671,GSM
405,10,10121,49602,76.653129,12.3079143,GSM
405,10,10121,49611,76.654317,12.3132839,GSM
405,10,10121,49733,76.6254676,12.3240543,GSM
405,10,10121,49783,76.6495391,12.315835,GSM
405,10,10121,49863,76.6311608,12.3342063,GSM
405,10,10121,49993,76.6472519,12.3445212,GSM
405,10,10041,40403,77.6466701,13.0228185,GSM
405,10,10041,40472,77.6883547,12.9969346,GSM
405,10,10041,41353,77.7094755,12.9835309,GSM
405,10,10041,44202,77.7072795,13.0024048,GSM
405,10,10041,50531,77.6348552,13.0269998,GSM
405,10,10061,36862,77.6265049,13.0374578,GSM
405,10,10061,50051,77.6128672,13.0422587,GSM
405,10,10061,50071,77.6090197,13.0402145,GSM
405,10,10061,50761,77.622475,13.0406947,GSM
405,10,10061,50993,77.6005029,13.0427398,GSM
405,10,10061,51462,77.5938578,13.0417057,GSM
405,10,10061,51613,77.6291619,13.0330349,GSM
405,10,10061,64562,77.6418187,13.0246223,GSM
405,10,10041,34761,77.7120778,12.9779951,GSM
405,10,10041,36541,77.7116597,12.9780117,GSM
405,10,10041,40631,77.7048988,12.968022,GSM
405,10,10041,40771,77.6945879,12.9936061,GSM
405,10,10041,40774,77.7040186,12.9823283,GSM
405,10,10041,40823,77.6886635,12.9964262,GSM
405,10,10041,50532,77.64382,13.0239975,GSM
405,10,10061,36863,77.6216576,13.0409441,GSM
405,10,10061,50323,77.6113304,13.0424912,GSM
405,10,10061,50762,77.6269362,13.0370317,GSM
405,10,10062,40392,77.6667536,12.9978779,GSM
405,10,10062,40753,77.6632912,13.0023387,GSM
405,10,10062,41293,77.6683094,12.9963433,GSM
405,10,10041,35083,77.7131536,13.0010213,GSM
405,10,10041,40473,77.6827324,12.9999139,GSM
405,10,10041,40911,77.6829375,12.9989061,GSM
405,10,10041,40971,77.7016998,12.9758529,GSM
405,10,10041,44213,77.7031842,12.9932336,GSM
405,10,10061,36861,77.6245561,13.0387473,GSM
405,10,10061,39731,77.5966861,13.0413634,GSM
405,10,10061,50321,77.61504,13.0421751,GSM
405,10,10061,50992,77.6095939,13.0446301,GSM
405,10,10061,51461,77.5911574,13.04388,GSM
405,10,10061,51612,77.6294998,13.0320793,GSM
405,10,10061,64561,77.6301433,13.0319822,GSM
405,10,10061,64563,77.6365693,13.0265025,GSM
405,10,10062,40511,77.6476828,13.0223068,GSM
405,10,10062,41852,77.6738514,12.9988959,GSM
405,10,10062,41913,77.6692344,12.9978762,GSM
405,10,10041,34762,77.7125619,12.9778303,GSM
405,10,10041,34763,77.711528,12.9776295,GSM
405,10,10041,39501,77.6508991,13.0209143,GSM
405,10,10041,40402,77.6485291,13.0214413,GSM
405,10,10041,40471,77.6844465,13.000322,GSM
405,10,10041,40611,77.7116334,12.9723882,GSM
405,10,10041,40613,77.7088348,12.96642,GSM
405,10,10041,40821,77.6945318,13.0065493,GSM
405,10,10041,40822,77.6919888,12.996502,GSM
405,10,10041,41243,77.6562079,13.0188044,GSM
405,10,10041,41351,77.7068624,12.9908409,GSM
405,10,10061,50322,77.6162406,13.0416302,GSM
405,10,10061,51611,77.6241338,13.0359383,GSM
405,10,10062,40391,77.663918,13.0000879,GSM
405,10,10062,40393,77.6631557,12.9965652,GSM
405,10,10062,40752,77.6641696,13.0010916,GSM
405,10,10062,41291,77.665297,12.9981459,GSM
405,10,10062,41912,77.6823948,13.0008986,GSM
405,10,10022,50342,77.6104632,13.0438929,GSM
405,10,10041,35013,77.7359227,12.9827285,GSM
405,10,10041,36551,77.7163698,12.9777092,GSM
405,10,10041,40612,77.712766,12.9701244,GSM
405,10,10041,40881,77.6857203,12.9950793,GSM
405,10,10041,41242,77.6561449,13.0188079,GSM
405,10,10041,41352,77.7117441,12.9835271,GSM
405,10,10041,41372,77.7064329,13.0129181,GSM
405,10,10041,44212,77.7109083,12.9898989,GSM
405,10,10041,44251,77.6897082,12.992625,GSM
405,10,10041,44263,77.7142694,13.0020105,GSM
405,10,10041,50533,77.636082,13.0265059,GSM
405,10,10062,40741,77.6656894,12.9968917,GSM
405,10,10041,39502,77.65258,13.0201796,GSM
405,10,10061,50763,77.6200132,13.0411982,GSM
405,10,10062,36922,77.6500607,13.0212668,GSM
405,10,10062,41292,77.668278,12.9977244,GSM
405,10,10062,41911,77.6772656,12.9999843,GSM
405,10,10121,48133,76.6545746,12.3129651,GSM
405,10,10121,48211,76.6238755,12.3228298,GSM
405,10,10121,48221,76.6292563,12.3328309,GSM
405,10,10121,49611,76.65432,12.3132835,GSM
405,10,10121,48091,76.6303291,12.3321221,GSM
405,10,10121,48132,76.6567831,12.3126955,GSM
405,10,10121,48222,76.6297623,12.3315803,GSM
405,10,10121,49601,76.6518152,12.309511,GSM
405,10,10121,48043,76.6480065,12.3097946,GSM
405,10,10121,48131,76.6556531,12.3135347,GSM
405,10,10121,48042,76.6499919,12.3104853,GSM
405,10,10121,48093,76.631281,12.3278712,GSM
405,10,10121,49793,76.6551679,12.3135127,GSM
405,10,10121,49863,76.631079,12.3341584,GSM
405,10,10121,48223,76.6291006,12.3318968,GSM
405,10,10121,48041,76.6467873,12.3132837,GSM
405,10,10121,49612,76.653986,12.3122854,GSM
405,10,10121,49851,76.6557291,12.3143565,GSM
405,10,10022,21663,77.514043,13.076129,GSM
405,10,10121,48221,76.6292562,12.3328351,GSM
405,10,10221,28182,78.2365728,13.4542596,GSM
405,10,10121,48091,76.6303258,12.332129,GSM
405,10,10121,48093,76.6312799,12.3278741,GSM
405,10,10121,48222,76.6297615,12.3315846,GSM
405,10,10022,29131,77.55095,13.0672637,GSM
405,10,10022,29133,77.5496174,13.0658052,GSM
405,10,10051,60263,77.6433818,12.8742765,GSM
405,10,10051,64331,77.6433818,12.8742765,GSM
405,10,14,620849,77.6590451,12.8438096,UMTS
405,10,10051,39843,77.6414465,12.8736707,GSM
405,10,10051,64331,77.6422206,12.873913,GSM
405,10,10051,64333,77.6414465,12.8736707,GSM
405,10,10041,35013,77.7362998,12.9828141,GSM
405,10,10041,41952,77.7344808,12.982556,GSM
405,10,10051,39842,77.6392141,12.8716002,GSM
405,10,10051,64331,77.6426621,12.8744121,GSM
405,10,10051,64333,77.6407404,12.8736837,GSM
405,10,10041,35091,77.7393324,12.9851295,GSM
405,10,10041,40621,77.7341351,12.9864185,GSM
405,10,10022,29131,77.5509274,13.0672203,GSM
405,10,10051,64331,77.6421539,12.8725405,GSM
405,10,10051,39842,77.6412409,12.8714597,GSM
405,10,10051,64333,77.6413562,12.8724248,GSM
405,10,10022,29132,77.550388,13.066184,GSM
405,10,10022,29133,77.5498128,13.0659013,GSM
405,10,10022,20603,77.5884765,13.108371,GSM
405,10,10022,20673,77.5753522,13.062415,GSM
405,10,10022,36492,77.5719168,13.0519739,GSM
405,10,10022,20672,77.5798701,13.0635776,GSM
405,10,10022,36493,77.5730307,13.0531974,GSM
405,10,10022,50341,77.5946672,13.0630216,GSM
405,10,10022,50482,77.5938823,13.0659335,GSM
405,10,10022,50483,77.5941635,13.0626923,GSM
405,10,10022,50703,77.6068358,13.0714532,GSM
405,10,10022,50852,77.610759,13.0695386,GSM
405,10,10041,50023,77.6507956,13.0641111,GSM
405,10,10051,59943,77.6207984,12.952717,GSM
405,10,10061,36751,77.6369764,13.0669192,GSM
405,10,10061,39143,77.6155735,13.0594247,GSM
405,10,10061,50011,77.6024587,13.0670227,GSM
405,10,10061,50123,77.5844849,13.0186599,GSM
405,10,10061,50413,77.5738036,13.0463663,GSM
405,10,10061,50831,77.6316219,13.0656378,GSM
405,10,10061,51552,77.5839048,13.0138846,GSM
405,10,10062,50732,77.601271,12.9782697,GSM
405,10,10062,50883,77.6127642,12.9693942,GSM
405,10,10062,54953,77.5991473,12.9819217,GSM
405,10,10062,55381,77.5920051,12.9842831,GSM
405,10,10071,20342,77.575578,13.04993,GSM
405,10,10071,36412,77.5605301,13.0175304,GSM
405,10,10072,50821,77.6077643,12.9688837,GSM
405,10,10072,51041,77.5765398,12.9880835,GSM
405,10,10022,20802,77.616857,13.0743308,GSM
405,10,10022,21932,77.5985193,13.0710179,GSM
405,10,10022,36491,77.5738501,13.058389,GSM
405,10,10022,50481,77.5940633,13.0659579,GSM
405,10,10022,50851,77.5958876,13.0795189,GSM
405,10,10051,59991,77.620379,12.9426476,GSM
405,10,10061,39142,77.611274,13.0686093,GSM
405,10,10061,50412,77.5796897,13.0459565,GSM
405,10,10061,50941,77.5735872,13.0465918,GSM
405,10,10061,51181,77.6488634,13.0588646,GSM
405,10,10061,51183,77.6487326,13.0592118,GSM
405,10,10061,51293,77.6224151,13.0677056,GSM
405,10,10061,51631,77.6313606,13.067805,GSM
405,10,10062,55021,77.5809613,12.9868511,GSM
405,10,10062,55193,77.5869712,12.9886477,GSM
405,10,10072,55241,77.602777,12.9686867,GSM
405,10,10072,55662,77.6150949,12.9659634,GSM
405,10,10072,55663,77.6140479,12.9669788,GSM
405,10,10072,64322,77.617709,12.9651189,GSM
405,10,10022,50491,77.5955619,13.0656983,GSM
405,10,10022,50493,77.576706,13.05964,GSM
405,10,10041,50022,77.6506379,13.0641136,GSM
405,10,10041,50601,77.6444438,13.0653347,GSM
405,10,10051,59923,77.619447,12.9460572,GSM
405,10,10051,59941,77.6215706,12.951423,GSM
405,10,10051,59942,77.6210226,12.9502451,GSM
405,10,10051,60812,77.6232883,12.9412241,GSM
405,10,10061,50611,77.6445686,13.065308,GSM
405,10,10061,51182,77.6487147,13.0585381,GSM
405,10,10061,51531,77.6203201,13.0676474,GSM
405,10,10061,51532,77.6198761,13.0672883,GSM
405,10,10062,50733,77.597841,12.9809063,GSM
405,10,10062,51331,77.6107403,12.9736642,GSM
405,10,10062,55052,77.6003355,12.9753505,GSM
405,10,10062,55053,77.5989147,12.9769623,GSM
405,10,10062,55513,77.5900714,12.9860878,GSM
405,10,10072,55661,77.6115523,12.9668912,GSM
405,10,10022,50701,77.6108753,13.0710028,GSM
405,10,10022,51271,77.5932241,13.0634293,GSM
405,10,10022,51272,77.593453,13.0613062,GSM
405,10,10041,36991,77.6484099,13.0629325,GSM
405,10,10041,36992,77.6489518,13.0603255,GSM
405,10,10041,50021,77.6500991,13.0641643,GSM
405,10,10041,50602,77.6466087,13.0648442,GSM
405,10,10051,59922,77.6196378,12.9465441,GSM
405,10,10051,59932,77.619612,12.9450375,GSM
405,10,10051,60112,77.6192952,12.9452323,GSM
405,10,10051,60813,77.6194798,12.9454111,GSM
405,10,10051,61882,77.6193327,12.9452796,GSM
405,10,10061,36752,77.6437949,13.0648489,GSM
405,10,10061,51291,77.6080695,13.0817153,GSM
405,10,10061,51551,77.5838077,13.0150358,GSM
405,10,10062,50903,77.6046175,12.9738424,GSM
405,10,10062,51081,77.6075749,12.9757359,GSM
405,10,10062,55022,77.5903833,12.9846904,GSM
405,10,10072,50823,77.6054467,12.969798,GSM
405,10,10072,55961,77.6024687,12.9717669,GSM
405,10,10041,36963,77.6486964,13.0585402,GSM
405,10,10041,50603,77.645172,13.0651747,GSM
405,10,10051,34791,77.61857,12.9624631,GSM
405,10,10051,60811,77.6199595,12.9450349,GSM
405,10,10061,36753,77.6372348,13.0668951,GSM
405,10,10061,50411,77.5783545,13.0471028,GSM
405,10,10061,51292,77.6336733,13.0674615,GSM
405,10,10061,51302,77.6114781,13.0692163,GSM
405,10,10062,50901,77.6026749,12.9769787,GSM
405,10,10062,51023,77.614787,12.965328,GSM
405,10,10062,55023,77.5917382,12.9763298,GSM
405,10,10062,55383,77.5933683,12.9811768,GSM
405,10,10072,50822,77.6079794,12.9676712,GSM
405,10,10022,50501,77.5946165,13.0618211,GSM
405,10,10022,50702,77.6082473,13.0710641,GSM
405,10,10041,36993,77.6489989,13.0609369,GSM
405,10,10051,60131,77.6193206,12.9448857,GSM
405,10,10051,64333,77.6415752,12.8726594,GSM
405,10,10061,39141,77.6254779,13.068855,GSM
405,10,10061,50991,77.5950771,13.0562173,GSM
405,10,10061,51303,77.6087816,13.0703851,GSM
405,10,10061,51553,77.5837797,13.0128152,GSM
405,10,10062,51082,77.6077404,12.9731379,GSM
405,10,10062,51083,77.6075037,12.9715131,GSM
405,10,10062,55051,77.6000527,12.9767848,GSM
405,10,10062,55382,77.5969568,12.9807997,GSM
405,10,10072,36231,77.5684082,13.0085614,GSM
405,10,10072,55962,77.6012405,12.9691136,GSM
405,10,10161,11742,74.5829,16.401022,GSM
405,10,10051,39842,77.641396,12.8713936,GSM
405,10,10051,64331,77.6422009,12.8726446,GSM
405,10,10051,64333,77.6417283,12.8726367,GSM
405,10,10031,60872,77.5144162,12.878338,GSM
405,10,10051,39842,77.6417631,12.8717915,GSM
405,10,10051,64331,77.6422899,12.8726565,GSM
405,10,10051,64333,77.6419547,12.8728054,GSM
405,10,10051,64333,77.6422963,12.8733098,GSM
405,10,10051,39842,77.6422721,12.8728565,GSM
405,10,10051,64333,77.6423162,12.8733402,GSM
405,10,10051,64331,77.6421969,12.8724551,GSM
405,10,10051,64333,77.6422651,12.8731903,GSM
405,10,10191,52543,77.0424874,13.4951363,GSM
405,10,10191,52571,77.09504,13.38319,GSM
405,10,10191,52511,77.0949959,13.38333,GSM
405,10,10191,52542,77.0429509,13.4958256,GSM
405,10,10191,52513,77.0949796,13.3834197,GSM
405,10,10231,12451,76.791416,14.896615,GSM
405,10,10102,13233,74.8854786,12.9045245,GSM
405,10,10102,13243,74.8854755,12.9045224,GSM
405,10,10102,13231,74.885721,12.904571,GSM
405,10,10102,13241,74.8912368,12.9088476,GSM
405,10,10102,14183,74.894068,12.9109382,GSM
405,10,10022,29133,77.5499274,13.0660074,GSM
405,10,10022,29131,77.5508946,13.067176,GSM
405,10,10022,20301,77.5624201,13.0651211,GSM
405,10,10092,17812,75.7495753,12.4176891,GSM
405,10,10092,17813,75.7473389,12.4168059,GSM
405,10,10092,17793,75.7396745,12.4286849,GSM
405,10,10092,17792,75.7471723,12.4176303,GSM
405,10,10092,17791,75.7475678,12.4205293,GSM
405,10,10071,56042,77.5058646,12.9838978,GSM
405,10,10071,56702,77.5264885,13.0037662,GSM
405,10,10071,56703,77.5265394,13.0039262,GSM
405,10,10071,36432,77.5127995,12.9887834,GSM
405,10,10071,36712,77.5135801,12.9260963,GSM
405,10,10071,57002,77.5314887,13.0019997,GSM
405,10,10071,57003,77.5236894,13.0023796,GSM
405,10,10071,36152,77.5080676,12.9919074,GSM
405,10,10071,36153,77.5077972,12.9886308,GSM
405,10,10071,39641,77.5122642,12.9887422,GSM
405,10,10071,39643,77.5120486,12.987745,GSM
405,10,10071,55401,77.5246639,13.0039235,GSM
405,10,10071,56262,77.5248416,13.004167,GSM
405,10,10071,56401,77.51072,12.9893393,GSM
405,10,10071,56403,77.5098818,12.9919973,GSM
405,10,10031,30871,77.5084152,12.9838001,GSM
405,10,10071,39642,77.5161821,12.9861872,GSM
405,10,10071,56402,77.5116408,12.9880815,GSM
405,10,10071,57843,77.5264073,13.0033247,GSM
405,10,10071,36433,77.5097173,12.9902028,GSM
405,10,10071,36711,77.4997883,12.9870427,GSM
405,10,10071,39573,77.5060354,12.9835283,GSM
405,10,10071,56811,77.5055284,12.9837931,GSM
405,10,10071,57001,77.5244795,13.0038173,GSM
405,10,10191,52512,77.0950342,13.383221,GSM
405,10,10191,52751,77.09531,13.382736,GSM
405,10,10191,52511,77.0950313,13.3832316,GSM
405,10,10191,52553,77.094963,13.383258,GSM
405,10,10191,52513,77.0950088,13.3832622,GSM
405,10,10231,52052,76.4973439,14.1372983,GSM
405,10,10091,52172,76.5589676,14.0571029,GSM
405,10,10091,52173,76.5383314,14.0877749,GSM
405,10,10061,56121,77.5726631,13.006279,GSM
405,10,10061,56121,77.5726616,13.0062769,GSM
405,10,10191,52711,77.094328,13.34351,GSM
405,10,10191,52512,77.0967582,13.3801103,GSM
405,10,10191,52622,77.094328,13.34351,GSM
405,10,10191,52641,77.095035,13.383233,GSM
405,10,10191,52732,77.094328,13.34351,GSM
405,10,10191,52743,77.094328,13.34351,GSM
405,10,10191,52511,77.0959872,13.3815023,GSM
405,10,10191,52571,77.095037,13.3832155,GSM
405,10,10191,52713,77.094328,13.34351,GSM
405,10,10191,52742,77.094328,13.34351,GSM
405,10,10191,52513,77.0953685,13.3826023,GSM
405,10,10191,52621,77.094328,13.34351,GSM
405,10,10022,29133,77.5499384,13.0660211,GSM
405,10,10022,20303,77.55018,13.066323,GSM
405,10,10032,61282,77.6435475,12.9238135,GSM
405,10,10121,43191,76.6497554,12.3029955,GSM
405,10,10121,43192,76.6512239,12.3023067,GSM
405,10,10121,48132,76.6567684,12.3126536,GSM
405,10,10121,48212,76.6300389,12.3218439,GSM
405,10,10121,48223,76.6290998,12.3318993,GSM
405,10,10121,48263,76.652158,12.309862,GSM
405,10,10121,49792,76.6603191,12.3142134,GSM
405,10,10121,49863,76.6310017,12.3341202,GSM
405,10,10121,43081,76.64491,12.3127259,GSM
405,10,10121,49672,76.6547474,12.3016774,GSM
405,10,10121,49681,76.6548708,12.3015249,GSM
405,10,10121,43072,76.6415027,12.321834,GSM
405,10,10121,43083,76.645623,12.3093466,GSM
405,10,10121,48092,76.6378545,12.3219812,GSM
405,10,10121,48172,76.6521421,12.3146589,GSM
405,10,10121,48222,76.6297576,12.3315889,GSM
405,10,10121,48262,76.6628204,12.3006605,GSM
405,10,10121,49603,76.6514586,12.3082536,GSM
405,10,10121,49702,76.6246868,12.3340734,GSM
405,10,10121,48093,76.6313313,12.32784,GSM
405,10,10121,49591,76.6583333,12.3125177,GSM
405,10,10121,49601,76.6519096,12.3095523,GSM
405,10,10121,49611,76.6542436,12.3131914,GSM
405,10,10121,49753,76.6323225,12.3220762,GSM
405,10,10121,49793,76.6552822,12.3133979,GSM
405,10,10121,48041,76.6468367,12.3132772,GSM
405,10,10121,48091,76.6303844,12.3320486,GSM
405,10,10121,48101,76.6298889,12.3140988,GSM
405,10,10121,48131,76.6556647,12.3135102,GSM
405,10,10121,49602,76.6531836,12.3080079,GSM
405,10,10121,49612,76.653737,12.3122211,GSM
405,10,10121,49613,76.651807,12.3128298,GSM
405,10,10121,49671,76.652231,12.3060794,GSM
405,10,10121,49731,76.6289943,12.3249684,GSM
405,10,10121,49782,76.6503038,12.3160405,GSM
405,10,10121,49783,76.6495633,12.315813,GSM
405,10,10121,49993,76.6469456,12.3443832,GSM
405,10,10121,43073,76.6378866,12.3215664,GSM
405,10,10121,43082,76.6482837,12.3100252,GSM
405,10,10121,48042,76.650283,12.3105091,GSM
405,10,10121,48043,76.6480254,12.3098139,GSM
405,10,10121,48081,76.6531498,12.3023906,GSM
405,10,10121,48133,76.6545932,12.3129134,GSM
405,10,10121,48221,76.6292536,12.332838,GSM
405,10,10121,48252,76.6507915,12.3026159,GSM
405,10,10121,48261,76.6704572,12.3044602,GSM
405,10,10121,48561,76.6577465,12.308782,GSM
405,10,10121,49593,76.6545557,12.3111675,GSM
405,10,10121,49673,76.6475083,12.3046098,GSM
405,10,10121,49751,76.6336199,12.3242979,GSM
405,10,10121,49752,76.6355985,12.3227005,GSM
405,10,10121,49852,76.6536498,12.314622,GSM
405,10,10121,49973,76.6666329,12.3035202,GSM
405,10,10032,31272,77.5967398,12.929118,GSM
405,10,10032,39081,77.585605,12.9246678,GSM
405,10,10031,30052,77.5808514,12.9382167,GSM
405,10,10032,30131,77.5829828,12.9278767,GSM
405,10,10032,30763,77.5867878,12.9325448,GSM
405,10,10032,34701,77.5812041,12.9266637,GSM
405,10,10051,61882,77.6193007,12.9452776,GSM
405,10,10031,30082,77.5848795,12.9357565,GSM
405,10,10032,30762,77.5944984,12.9280246,GSM
405,10,10032,31132,77.5845479,12.9289569,GSM
405,10,10032,34702,77.5858851,12.925018,GSM
405,10,10051,59923,77.6194356,12.9460534,GSM
405,10,10051,59942,77.6210135,12.9502338,GSM
405,10,10032,31271,77.5923337,12.927961,GSM
405,10,10032,31273,77.59195,12.9281155,GSM
405,10,10032,31131,77.5814346,12.9333971,GSM
405,10,10051,60112,77.6192745,12.9452318,GSM
405,10,10191,52513,77.0953267,13.3827453,GSM
405,10,10191,52512,77.0963641,13.3808816,GSM
405,10,10191,52751,77.0952404,13.3830476,GSM
405,10,10191,52511,77.0957742,13.3823217,GSM
405,10,10191,52553,77.0951136,13.3831827,GSM
405,10,10191,52542,77.043045,13.4959933,GSM
405,10,10191,52543,77.04261,13.495341,GSM
405,10,10022,21933,77.583004,13.0655612,GSM
405,10,10022,50491,77.5956285,13.0657253,GSM
405,10,10061,50771,77.58997,13.0471161,GSM
405,10,10062,39111,77.6386369,12.9676136,GSM
405,10,10062,50971,77.6351404,12.9775107,GSM
405,10,10062,55991,77.6379182,12.9682464,GSM
405,10,10071,55312,77.5728413,13.0130254,GSM
405,10,10022,20721,77.5984327,13.1045611,GSM
405,10,10022,36633,77.5947494,13.1009156,GSM
405,10,10022,50343,77.5942548,13.0576568,GSM
405,10,10022,50502,77.5933892,13.0581113,GSM
405,10,10022,51271,77.5936484,13.062018,GSM
405,10,10051,60812,77.6232722,12.9412424,GSM
405,10,10051,60813,77.6194762,12.9454087,GSM
405,10,10061,50011,77.6023313,13.0670097,GSM
405,10,10061,50012,77.6003408,13.0650028,GSM
405,10,10061,55553,77.5863021,13.028998,GSM
405,10,10062,50892,77.6330136,12.9642261,GSM
405,10,10062,50901,77.6026837,12.9769797,GSM
405,10,10062,51081,77.6075764,12.975742,GSM
405,10,10022,22083,77.5851431,13.0700104,GSM
405,10,10022,50501,77.5947701,13.0624664,GSM
405,10,10051,59922,77.6196331,12.9465274,GSM
405,10,10051,59941,77.6215492,12.9514607,GSM
405,10,10051,60112,77.6192814,12.945276,GSM
405,10,10051,61882,77.6193028,12.9452757,GSM
405,10,10061,55141,77.5785705,13.0066975,GSM
405,10,10062,39112,77.6441512,12.9618936,GSM
405,10,10062,50903,77.6046239,12.9738493,GSM
405,10,10062,51421,77.6401361,12.953382,GSM
405,10,10072,55122,77.5799367,13.0010233,GSM
405,10,10022,50482,77.5939942,13.0659768,GSM
405,10,10022,51273,77.5934963,13.0665827,GSM
405,10,10051,59942,77.6210051,12.9502245,GSM
405,10,10051,59943,77.6208043,12.9527202,GSM
405,10,10051,59991,77.6203482,12.9427244,GSM
405,10,10051,60811,77.6199496,12.945039,GSM
405,10,10061,50331,77.5930042,13.0522497,GSM
405,10,10061,50333,77.5915626,13.0437856,GSM
405,10,10061,50981,77.5902176,13.0448833,GSM
405,10,10061,50983,77.5889739,13.0365295,GSM
405,10,10061,51461,77.5911723,13.0439412,GSM
405,10,10061,55142,77.5801356,13.0063667,GSM
405,10,10062,50902,77.605523,12.9775737,GSM
405,10,10062,50923,77.6063414,12.9790186,GSM
405,10,10062,50972,77.6379946,12.9698939,GSM
405,10,10022,20783,77.5960415,13.0994269,GSM
405,10,10022,20823,77.5975197,13.0971664,GSM
405,10,10022,50341,77.5946772,13.0627715,GSM
405,10,10022,50852,77.6104479,13.0694726,GSM
405,10,10022,51272,77.5935077,13.0608733,GSM
405,10,10051,59923,77.6194314,12.9460406,GSM
405,10,10051,61323,77.6206267,12.9500047,GSM
405,10,10061,50141,77.5849409,13.0293201,GSM
405,10,10061,50982,77.5889906,13.0360317,GSM
405,10,10062,50381,77.6420062,12.9633384,GSM
405,10,10022,21261,77.6007514,13.104711,GSM
405,10,10022,50481,77.594281,13.0660629,GSM
405,10,10022,50483,77.5945195,13.0630479,GSM
405,10,10051,34792,77.6204194,12.957915,GSM
405,10,10051,59932,77.6196133,12.94504,GSM
405,10,10051,60902,77.6203861,12.9524629,GSM
405,10,10061,55143,77.5705427,13.0086318,GSM
405,10,10041,40783,77.6637184,12.9760985,GSM
405,10,10062,50551,77.6585299,12.9769329,GSM
405,10,10071,57001,77.5247775,13.0028973,GSM
405,10,10071,57843,77.5261643,13.0028243,GSM
405,10,10071,57002,77.5277663,13.002247,GSM
405,10,10071,55401,77.5248163,13.0036259,GSM
405,10,10071,56261,77.5244266,13.0034638,GSM
405,10,10071,56262,77.5248731,13.0039872,GSM
405,10,10071,56702,77.5263245,13.0032228,GSM
405,10,10071,56703,77.5263251,13.003221,GSM
405,10,10071,57003,77.5239134,13.0023845,GSM
405,10,10051,60253,77.6345574,12.9098984,GSM
405,10,10032,30761,77.606139,12.9439356,GSM
405,10,10051,60313,77.6321644,12.9063653,GSM
405,10,10051,60272,77.643738,12.8830145,GSM
405,10,10051,62972,77.6371287,12.8939006,GSM
405,10,10051,61192,77.6316757,12.9064303,GSM
405,10,10051,62952,77.631323,12.9058523,GSM
405,10,10071,57001,77.5246616,13.0029258,GSM
405,10,10071,36662,77.5206651,13.0071688,GSM
405,10,10071,36663,77.5205053,13.0080236,GSM
405,10,10071,56813,77.505853,12.983801,GSM
405,10,10071,55401,77.5244687,13.0035963,GSM
405,10,10071,56133,77.522588,13.003436,GSM
405,10,10071,56262,77.5247058,13.0039468,GSM
405,10,10071,56811,77.5055471,12.9837935,GSM
405,10,10071,39571,77.5057584,12.9836547,GSM
405,10,10071,56042,77.5058633,12.9838865,GSM
405,10,10071,57002,77.5272321,13.0023696,GSM
405,10,10032,31271,77.5920941,12.9284869,GSM
405,10,10032,34702,77.5859359,12.9250511,GSM
405,10,10032,31131,77.581768,12.9332544,GSM
405,10,10032,31273,77.591941,12.9283786,GSM
405,10,10032,30762,77.5941117,12.9282043,GSM
405,10,10032,31272,77.5956097,12.9290654,GSM
405,10,10032,34701,77.5812924,12.9267956,GSM
405,10,10032,30131,77.5830141,12.9279413,GSM
405,10,10031,30052,77.5814895,12.9375198,GSM
405,10,10032,30763,77.5864765,12.9326854,GSM
405,10,10032,31131,77.5818724,12.9332505,GSM
405,10,10032,31132,77.584558,12.9290001,GSM
405,10,10032,34081,77.5879941,12.9264602,GSM
405,10,10191,52512,77.0959727,13.3811932,GSM
405,10,10191,52513,77.0953929,13.3827609,GSM
405,10,10191,52543,77.0424896,13.4951712,GSM
405,10,10191,52553,77.0951756,13.3811026,GSM
405,10,10191,52713,77.1002374,13.3392843,GSM
405,10,10191,52641,77.0954024,13.3820768,GSM
405,10,10191,52751,77.0951625,13.3829069,GSM
405,10,10191,52591,77.082977,13.4027873,GSM
405,10,10191,52511,77.0956479,13.3825503,GSM
405,10,10032,34081,77.591062,12.930211,GSM
405,10,10032,34701,77.5814794,12.926861,GSM
405,10,10032,34702,77.5859828,12.9250901,GSM
405,10,10032,30861,77.603662,12.9133988,GSM
405,10,10032,31132,77.5846275,12.929013,GSM
405,10,10032,31271,77.5920933,12.9285906,GSM
405,10,10032,34083,77.590967,12.9288773,GSM
405,10,10032,30862,77.603638,12.9137607,GSM
405,10,10032,31272,77.5951934,12.9290725,GSM
405,10,10032,31273,77.5919319,12.9285752,GSM
405,10,10032,31021,77.6016383,12.9365592,GSM
405,10,10032,34082,77.5933716,12.9285167,GSM
405,10,10032,30862,77.6036259,12.913752,GSM
405,10,10032,60143,77.600353,12.925641,GSM
405,10,10032,31021,77.6014979,12.9364488,GSM
405,10,10032,31273,77.5919552,12.9286465,GSM
405,10,10032,31271,77.5920924,12.9286922,GSM
405,10,10032,34702,77.5860127,12.9251095,GSM
405,10,10032,31272,77.5946745,12.9290695,GSM
405,10,10032,30861,77.6036522,12.9133997,GSM
405,10,10032,30861,77.6036309,12.9133843,GSM
405,10,10031,31261,77.5787087,12.9494007,GSM
405,10,10062,41912,77.6823132,13.0009669,GSM
405,10,10061,50981,77.5902227,13.0448945,GSM
405,10,10032,30861,77.603619,12.9133765,GSM
405,10,10071,36463,77.5519166,13.0129069,GSM
405,10,10191,52751,77.1004448,13.3691881,GSM
405,10,10191,52752,77.103236,13.361963,GSM
405,10,10191,52542,77.0430969,13.4960026,GSM
405,10,10191,52591,77.0826581,13.403456,GSM
405,10,10191,52711,77.0958971,13.3467605,GSM
405,10,10062,41913,77.6692299,12.9978652,GSM
405,10,10071,55913,77.5559788,13.0182027,GSM
405,10,10191,52553,77.0913063,13.3876888,GSM
405,10,10191,52641,77.0954185,13.3822474,GSM
405,10,10062,40741,77.6657195,12.9968828,GSM
405,10,10062,40872,77.6604795,12.9955323,GSM
405,10,10191,52512,77.0963593,13.3806916,GSM
405,10,10191,52513,77.0955541,13.3824773,GSM
405,10,10191,52543,77.0425267,13.4944692,GSM
405,10,10191,52561,77.103236,13.361963,GSM
405,10,10191,52713,77.1007736,13.3433393,GSM
405,10,10191,52741,77.103236,13.361963,GSM
405,10,10071,36211,77.5538501,13.0133069,GSM
405,10,10071,55133,77.5463575,13.0166633,GSM
405,10,10191,52551,77.0742775,13.4176143,GSM
405,10,10191,52712,77.103236,13.361963,GSM
405,10,10191,52791,77.04381,13.494656,GSM
405,10,10062,40871,77.6601697,12.9952289,GSM
405,10,10191,52511,77.0956534,13.382463,GSM
405,10,10032,30861,77.6036188,12.9133404,GSM
405,10,10032,30802,77.5616809,12.914084,GSM
405,10,10032,32071,77.5650012,12.912892,GSM
405,10,10032,39771,77.6116882,12.9196243,GSM
405,10,10032,61201,77.6210429,12.9172274,GSM
405,10,10051,61323,77.6206665,12.9502024,GSM
405,10,10061,36861,77.6251037,13.0383712,GSM
405,10,10061,50312,77.6310351,13.0152562,GSM
405,10,10061,50323,77.6126804,13.0422039,GSM
405,10,10061,50333,77.5915536,13.0437387,GSM
405,10,10061,50981,77.5902173,13.0447952,GSM
405,10,10061,50992,77.610594,13.0441614,GSM
405,10,10061,51552,77.5839048,13.0138906,GSM
405,10,10061,51553,77.5837799,13.012821,GSM
405,10,10061,51682,77.6278949,13.0169058,GSM
405,10,10062,50221,77.6189641,12.9884096,GSM
405,10,10062,51172,77.617002,12.9919275,GSM
405,10,10062,51231,77.6256932,13.0119569,GSM
405,10,10062,51361,77.6136602,12.9817136,GSM
405,10,10062,55022,77.5900352,12.9850856,GSM
405,10,10072,50821,77.6111543,12.9691375,GSM
405,10,10072,56471,77.5816885,12.9904203,GSM
405,10,10022,50483,77.5946341,13.0632818,GSM
405,10,10032,60391,77.5576185,12.8995723,GSM
405,10,10051,59991,77.6203171,12.9428259,GSM
405,10,10051,60111,77.6125754,12.9623535,GSM
405,10,10051,60131,77.6193126,12.9448917,GSM
405,10,10051,60811,77.6199258,12.94506,GSM
405,10,10051,60902,77.6204471,12.9522445,GSM
405,10,10052,61501,77.5571111,12.8989632,GSM
405,10,10061,39823,77.6282501,13.0186738,GSM
405,10,10061,50681,77.6302091,13.0272144,GSM
405,10,10061,50983,77.5889871,13.0365842,GSM
405,10,10061,51461,77.5911882,13.0438846,GSM
405,10,10061,51462,77.5938403,13.0417174,GSM
405,10,10061,64562,77.6416357,13.0246835,GSM
405,10,10062,36903,77.6193774,12.9892803,GSM
405,10,10062,50202,77.6225898,13.0082154,GSM
405,10,10062,50213,77.6131036,12.9822123,GSM
405,10,10062,50222,77.6201293,12.9858577,GSM
405,10,10062,50241,77.6189927,12.9966983,GSM
405,10,10062,51023,77.6149267,12.9656401,GSM
405,10,10062,51024,77.6205357,12.9630432,GSM
405,10,10062,51171,77.6161177,12.9914917,GSM
405,10,10062,51672,77.6212011,13.0063779,GSM
405,10,10022,50341,77.5947909,13.0629798,GSM
405,10,10022,50482,77.5940722,13.0659953,GSM
405,10,10022,50501,77.5947921,13.0624987,GSM
405,10,10032,60392,77.5572751,12.8991562,GSM
405,10,10032,61263,77.557897,12.8998583,GSM
405,10,10032,61341,77.6173471,12.9257097,GSM
405,10,10032,62961,77.6164551,12.9283218,GSM
405,10,10051,34791,77.6187258,12.9622526,GSM
405,10,10051,59922,77.6196274,12.9466146,GSM
405,10,10051,59941,77.6209915,12.9510143,GSM
405,10,10051,59942,77.6209237,12.9501922,GSM
405,10,10061,36862,77.6268078,13.037036,GSM
405,10,10061,36982,77.6282291,13.034772,GSM
405,10,10061,50012,77.5995985,13.0652839,GSM
405,10,10061,50313,77.6263502,13.0087376,GSM
405,10,10061,50321,77.6157186,13.0419752,GSM
405,10,10061,50322,77.6172674,13.0413702,GSM
405,10,10061,50683,77.6200767,13.0270565,GSM
405,10,10061,50762,77.6266186,13.0373573,GSM
405,10,10061,51652,77.6267741,13.0221012,GSM
405,10,10061,51681,77.6283718,13.0193682,GSM
405,10,10061,64563,77.6362661,13.0265219,GSM
405,10,10062,50211,77.6146054,12.982055,GSM
405,10,10062,50223,77.618666,12.9852838,GSM
405,10,10062,55111,77.6261048,13.0143471,GSM
405,10,10062,55191,77.5842045,13.0028208,GSM
405,10,10072,55662,77.6168443,12.96542,GSM
405,10,10022,50342,77.610711,13.0437507,GSM
405,10,10022,50481,77.5944776,13.0661064,GSM
405,10,10032,39773,77.6103187,12.9179592,GSM
405,10,10032,60783,77.6123092,12.9164212,GSM
405,10,10032,61342,77.6193312,12.9226116,GSM
405,10,10032,61343,77.6178003,12.9248254,GSM
405,10,10032,61483,77.5579974,12.8999573,GSM
405,10,10051,59932,77.6196125,12.9450413,GSM
405,10,10051,60112,77.6193045,12.9454105,GSM
405,10,10051,60812,77.6232401,12.9412767,GSM
405,10,10052,60741,77.557382,12.8993647,GSM
405,10,10061,39821,77.6293184,13.0228471,GSM
405,10,10061,50011,77.6022495,13.0670001,GSM
405,10,10061,50761,77.622635,13.0406399,GSM
405,10,10061,51613,77.6293569,13.0327314,GSM
405,10,10061,64561,77.6302854,13.0315967,GSM
405,10,10062,36902,77.6173402,12.991601,GSM
405,10,10062,50881,77.6106555,12.9742592,GSM
405,10,10062,51083,77.6075437,12.9714952,GSM
405,10,10062,51221,77.6214212,13.0012248,GSM
405,10,10062,51223,77.6205868,12.9986669,GSM
405,10,10072,55532,77.5717682,12.9760123,GSM
405,10,10072,55663,77.6153621,12.9669237,GSM
405,10,10022,51271,77.5938353,13.0625313,GSM
405,10,10032,31173,77.5647609,12.9243607,GSM
405,10,10032,31382,77.5649904,12.912784,GSM
405,10,10032,32072,77.5647406,12.9126913,GSM
405,10,10032,60561,77.5574541,12.8993523,GSM
405,10,10051,34792,77.6204812,12.9576149,GSM
405,10,10051,59921,77.6202419,12.9500728,GSM
405,10,10051,59943,77.620795,12.9525345,GSM
405,10,10051,60813,77.6194742,12.9454002,GSM
405,10,10051,61171,77.6178953,12.9647362,GSM
405,10,10051,61882,77.6193017,12.945274,GSM
405,10,10051,61891,77.6239958,12.9501763,GSM
405,10,10052,60742,77.5575055,12.8994255,GSM
405,10,10052,61502,77.5573889,12.8992947,GSM
405,10,10061,36863,77.6218558,13.0408071,GSM
405,10,10061,50771,77.589961,13.0469584,GSM
405,10,10061,51391,77.6056634,13.0362596,GSM
405,10,10061,51463,77.5911717,13.0429123,GSM
405,10,10061,51551,77.5838085,13.0150486,GSM
405,10,10061,51612,77.629783,13.0317111,GSM
405,10,10062,50203,77.6217787,13.0071939,GSM
405,10,10062,50212,77.6150689,12.9812366,GSM
405,10,10062,50882,77.6192932,12.9675985,GSM
405,10,10062,50883,77.612851,12.969334,GSM
405,10,10062,51233,77.6237758,13.009812,GSM
405,10,10062,51333,77.6107981,12.9737489,GSM
405,10,10062,51352,77.6132041,12.9804125,GSM
405,10,10062,55193,77.5869537,12.9886666,GSM
405,10,10062,55812,77.6161414,12.9832142,GSM
405,10,10072,50822,77.6089227,12.9677764,GSM
405,10,10072,55531,77.5736946,12.978316,GSM
405,10,10072,64322,77.6194088,12.9613976,GSM
405,10,10022,51273,77.5935999,13.0665981,GSM
405,10,10032,31171,77.5648889,12.9127054,GSM
405,10,10032,39421,77.6109268,12.9426722,GSM
405,10,10032,39772,77.6132975,12.9097092,GSM
405,10,10051,39622,77.6088434,12.9427255,GSM
405,10,10051,59923,77.6194172,12.9460685,GSM
405,10,10051,61172,77.621121,12.9564694,GSM
405,10,10061,50071,77.6091148,13.0402406,GSM
405,10,10061,50093,77.59763,13.0403858,GSM
405,10,10061,50311,77.6309641,13.0241347,GSM
405,10,10061,50682,77.6298564,13.0235471,GSM
405,10,10061,50763,77.6203398,13.0411623,GSM
405,10,10061,50843,77.6316473,13.0266946,GSM
405,10,10061,50982,77.5889972,13.0360706,GSM
405,10,10061,50993,77.601468,13.0426736,GSM
405,10,10061,51611,77.6248505,13.0356135,GSM
405,10,10062,36901,77.6203667,12.9949912,GSM
405,10,10062,36923,77.6263877,13.0132366,GSM
405,10,10062,50201,77.6252651,13.0117759,GSM
405,10,10062,50242,77.6201619,12.9972909,GSM
405,10,10062,50243,77.6183084,12.9955096,GSM
405,10,10062,51082,77.607923,12.9730103,GSM
405,10,10062,51232,77.624012,13.0101254,GSM
405,10,10062,51331,77.6107869,12.9735713,GSM
405,10,10062,51362,77.6120448,12.9806934,GSM
405,10,10062,51363,77.6103639,12.9804085,GSM
405,10,10062,51401,77.6164038,12.9983809,GSM
405,10,10072,36841,77.6081159,12.9659921,GSM
405,10,10072,55182,77.5741001,12.9753098,GSM
405,10,10072,55183,77.5719979,12.9752195,GSM
405,10,10072,55661,77.6127453,12.967391,GSM
405,10,10032,30861,77.6035778,12.9132982,GSM
405,10,10032,30862,77.6036051,12.9137351,GSM
405,10,10032,30862,77.6035962,12.9137278,GSM
405,10,10032,30861,77.6035731,12.9132948,GSM
405,10,10032,30862,77.6035797,12.9136016,GSM
405,10,10032,30861,77.6035666,12.9132454,GSM
405,10,10051,30881,77.6032079,12.9110633,GSM
405,10,10032,30862,77.6035778,12.9136041,GSM
405,10,10032,30861,77.6035646,12.9132492,GSM
405,10,10122,49191,77.0731551,12.6167765,GSM
405,10,10032,31272,77.5944379,12.9290641,GSM
405,10,10032,31271,77.5920989,12.9287434,GSM
405,10,10032,34702,77.5860357,12.9251242,GSM
405,10,10032,31273,77.5919806,12.9286986,GSM
405,10,10041,40941,77.6962637,12.9420902,GSM
405,10,10041,12872,77.6904104,12.9337604,GSM
405,10,10041,40651,77.7100845,12.9633177,GSM
405,10,10041,40942,77.695536,12.9403265,GSM
405,10,10041,40943,77.6949297,12.9399332,GSM
405,10,10041,40673,77.6981923,12.944755,GSM
405,10,10121,43071,76.6423083,12.3250573,GSM
405,10,10121,48101,76.6298965,12.3140973,GSM
405,10,10121,48261,76.6703931,12.3044617,GSM
405,10,10121,48263,76.6522237,12.3098841,GSM
405,10,10121,49611,76.6542006,12.3131767,GSM
405,10,10121,49643,76.6254299,12.2949781,GSM
405,10,10121,49733,76.6254384,12.3240504,GSM
405,10,10121,49752,76.635592,12.3227115,GSM
405,10,10121,49772,76.6440799,12.3252533,GSM
405,10,10121,49973,76.6665292,12.3035629,GSM
405,10,10121,43081,76.6449102,12.3127283,GSM
405,10,10121,43183,76.6254471,12.2934058,GSM
405,10,10121,43193,76.6444848,12.30201,GSM
405,10,10121,48093,76.6313296,12.3278581,GSM
405,10,10121,48131,76.6556815,12.3134881,GSM
405,10,10121,48212,76.6300317,12.3218617,GSM
405,10,10121,48213,76.6275618,12.3165318,GSM
405,10,10121,48222,76.6297542,12.331579,GSM
405,10,10121,48253,76.6449561,12.3028783,GSM
405,10,10121,48262,76.6628077,12.3007045,GSM
405,10,10121,49593,76.6545745,12.3111819,GSM
405,10,10121,49602,76.6531817,12.3080229,GSM
405,10,10121,49672,76.6546824,12.301733,GSM
405,10,10121,49751,76.6336193,12.3243064,GSM
405,10,10121,49782,76.650342,12.3160267,GSM
405,10,10121,43072,76.641561,12.3219025,GSM
405,10,10121,43073,76.6379786,12.3216169,GSM
405,10,10121,43082,76.6483007,12.3100264,GSM
405,10,10121,43151,76.6369592,12.3102428,GSM
405,10,10121,43192,76.6507196,12.3023167,GSM
405,10,10121,48083,76.6443321,12.2952349,GSM
405,10,10121,48091,76.63038,12.3320424,GSM
405,10,10121,48103,76.6250015,12.3015899,GSM
405,10,10121,48133,76.6546256,12.3129097,GSM
405,10,10121,49441,76.623868,12.2856044,GSM
405,10,10121,49541,76.6201003,12.2765969,GSM
405,10,10121,49601,76.6519449,12.3096297,GSM
405,10,10121,49603,76.6514867,12.3082945,GSM
405,10,10121,49613,76.6518629,12.3128467,GSM
405,10,10121,49642,76.624952,12.2906241,GSM
405,10,10121,49673,76.6476733,12.3046618,GSM
405,10,10121,49741,76.6091453,12.3329778,GSM
405,10,10121,49753,76.6323306,12.3220774,GSM
405,10,10121,49841,76.6266169,12.2991429,GSM
405,10,10121,49852,76.6536331,12.3146104,GSM
405,10,10121,49853,76.6471418,12.3168991,GSM
405,10,10121,48102,76.6275645,12.3039659,GSM
405,10,10121,48141,76.6228499,12.2817661,GSM
405,10,10121,48243,76.6207275,12.288755,GSM
405,10,10121,48251,76.645432,12.3051813,GSM
405,10,10121,49472,76.6220733,12.2899696,GSM
405,10,10121,49641,76.6260982,12.2983068,GSM
405,10,10121,49671,76.6522044,12.3060979,GSM
405,10,10121,49681,76.6548058,12.3015463,GSM
405,10,10121,49683,76.6561583,12.2983004,GSM
405,10,10121,49731,76.6290367,12.3249895,GSM
405,10,10121,49842,76.6260463,12.2973832,GSM
405,10,10121,49863,76.6309057,12.3340974,GSM
405,10,10121,43083,76.6456257,12.3093315,GSM
405,10,10121,43153,76.6339762,12.3104631,GSM
405,10,10121,43191,76.6496595,12.3030004,GSM
405,10,10121,48041,76.6468321,12.3132788,GSM
405,10,10121,48043,76.6480261,12.3098176,GSM
405,10,10121,48172,76.6521903,12.3146388,GSM
405,10,10121,48223,76.6291019,12.331881,GSM
405,10,10121,48252,76.6507206,12.3026253,GSM
405,10,10121,49612,76.6537361,12.3122527,GSM
405,10,10121,49702,76.6246988,12.334063,GSM
405,10,10121,49703,76.6199663,12.3356896,GSM
405,10,10121,48042,76.650351,12.3105594,GSM
405,10,10121,48081,76.6529666,12.3023837,GSM
405,10,10121,48092,76.6378446,12.321985,GSM
405,10,10121,48132,76.6567492,12.3126568,GSM
405,10,10121,48153,76.6441477,12.2890189,GSM
405,10,10121,48211,76.623899,12.3228792,GSM
405,10,10121,48221,76.6292541,12.3328206,GSM
405,10,10121,49793,76.6553699,12.3133574,GSM
405,10,10121,49843,76.6206994,12.2972261,GSM
405,10,10051,61362,77.6403902,12.8885888,GSM
405,10,10052,38031,77.66709,12.8181547,GSM
405,10,10121,48133,76.6546385,12.3129125,GSM
405,10,10121,49593,76.6545986,12.3112066,GSM
405,10,10121,49612,76.6537397,12.3122553,GSM
405,10,10121,49611,76.6542088,12.3131778,GSM
405,10,10121,48263,76.6522326,12.3098904,GSM
405,10,10121,49793,76.6553943,12.3133555,GSM
405,10,10121,48131,76.6556948,12.3134892,GSM
405,10,10121,48132,76.6567455,12.3126675,GSM
405,10,10071,20413,77.5676861,13.0508672,GSM
405,10,10121,48212,76.6300218,12.3218523,GSM
405,10,10121,43201,76.6729825,12.2650459,GSM
405,10,10121,48101,76.6298438,12.3140903,GSM
405,10,10121,48213,76.6275462,12.316525,GSM
405,10,10121,49973,76.6664365,12.3035813,GSM
405,10,10121,48122,76.6181525,12.3228408,GSM
405,10,10052,61413,77.6723492,12.8154462,GSM
405,10,10162,11672,74.6636897,14.9223061,GSM
405,10,10191,52552,77.101581,13.377495,GSM
405,10,10191,52511,77.0957968,13.3822785,GSM
405,10,10191,52512,77.0959988,13.3814627,GSM
405,10,10191,52461,77.044683,13.49461,GSM
405,10,10191,52542,77.0427577,13.494743,GSM
405,10,10191,52543,77.040454,13.4871901,GSM
405,10,10191,52551,77.0598569,13.4392278,GSM
405,10,10191,52631,77.096198,13.382865,GSM
405,10,10191,52641,77.0954718,13.3826263,GSM
405,10,10191,52553,77.0857811,13.4015913,GSM
405,10,10191,52561,77.0760734,13.4107675,GSM
405,10,10191,52571,77.0850376,13.4036809,GSM
405,10,10191,52513,77.0954592,13.382711,GSM
405,10,10191,52751,77.0980636,13.3754534,GSM
405,10,10191,52601,77.05156,13.454379,GSM
405,10,10191,52711,77.0766916,13.390612,GSM
405,10,10191,52591,77.0851836,13.3993072,GSM
405,10,10191,52613,77.047401,13.4594912,GSM
405,10,10051,30243,77.5972995,12.9410348,GSM
405,10,10051,39623,77.6049396,12.9423529,GSM
405,10,10032,31021,77.6003615,12.9376901,GSM
405,10,10051,30241,77.5973924,12.9412394,GSM
405,10,10051,60133,77.6024354,12.9412067,GSM
405,10,10031,30383,77.4693529,12.9268942,GSM
405,10,13,258832,77.707958,12.953962,LTE
405,10,10122,48331,77.1157953,12.0238754,GSM
405,10,10141,16133,74.895249,13.864709,GSM
405,10,10052,38031,77.6680328,12.8193928,GSM
405,10,10032,31271,77.5921067,12.9287857,GSM
405,10,10032,31272,77.5942577,12.9290683,GSM
405,10,10032,31273,77.5920077,12.928759,GSM
405,10,10032,30763,77.5872861,12.9321778,GSM
405,10,10032,31131,77.5820178,12.9331921,GSM
405,10,10052,61413,77.6724373,12.815453,GSM
405,10,10032,31131,77.5821651,12.9331321,GSM
405,10,10032,31273,77.592027,12.9287966,GSM
405,10,10032,31271,77.5921144,12.9288247,GSM
405,10,10032,34702,77.5860581,12.9251385,GSM
405,10,10032,31272,77.5940734,12.9290672,GSM
405,10,10191,52512,77.0965141,13.3807879,GSM
405,10,10191,52542,77.042823,13.4947381,GSM
405,10,10191,52543,77.0405716,13.487418,GSM
405,10,10191,52553,77.0862508,13.4007468,GSM
405,10,10191,52751,77.0978229,13.376101,GSM
405,10,10191,52513,77.0956583,13.3824528,GSM
405,10,10191,52551,77.0640686,13.4327177,GSM
405,10,10191,52511,77.0958469,13.3822063,GSM
405,10,43,629297,76.6727125,13.9013761,LTE
405,10,72,566064,76.8582976,13.7654703,LTE
405,10,89,1210417,77.375307,13.113767,LTE
405,10,10191,52543,77.0406529,13.4876316,GSM
405,10,10191,52751,77.0977601,13.376253,GSM
405,10,10191,52542,77.04292,13.4948834,GSM
405,10,10191,52511,77.0958279,13.3822116,GSM
405,10,10191,52513,77.0956432,13.3824507,GSM
405,10,10191,52512,77.0964998,13.3808088,GSM
405,10,1,155152,77.5707131,12.97811,LTE
405,10,1,155186,77.5712746,12.9783865,LTE
405,10,31,1070627,77.5940357,12.9814057,LTE
405,10,1,911890,77.5816778,12.9805341,LTE
405,10,32,99088,77.6141356,12.9739501,LTE
405,10,31,1069605,77.6043246,12.9775502,LTE
405,10,31,1069618,77.6020695,12.9788744,LTE
405,10,31,103460,77.5886207,12.9852831,LTE
405,10,5,1174051,77.6128092,13.1259641,LTE
405,10,31,1070641,77.5957906,12.9821574,LTE
405,10,10022,50502,77.5929336,13.0580905,GSM
405,10,10022,21262,77.5942691,13.0928799,GSM
405,10,10062,51081,77.6076662,12.9757531,GSM
405,10,31,1043760,77.5998014,12.9751515,LTE
405,10,1,912419,77.5763284,12.9752149,LTE
405,10,31,1070609,77.5995126,12.9755607,LTE
405,10,31,1680656,77.6023313,12.9771133,LTE
405,10,11,1061138,77.580938,12.973993,LTE
405,10,10191,52511,77.0958399,13.3821835,GSM
405,10,10191,52512,77.0965184,13.3807702,GSM
405,10,10191,52513,77.0956694,13.382397,GSM
405,10,10191,52513,77.0956514,13.3824244,GSM
405,10,10191,52751,77.0976398,13.3765687,GSM
405,10,10191,52511,77.0958219,13.3822116,GSM
405,10,10191,52512,77.0964991,13.3808077,GSM
405,10,10032,31271,77.5921039,12.9288439,GSM
405,10,10032,31273,77.5920226,12.9288151,GSM
405,10,10032,31131,77.5822346,12.9331036,GSM
405,10,10032,34702,77.5860698,12.9251465,GSM
405,10,10032,31272,77.593992,12.9290696,GSM
405,10,10031,60872,77.5142961,12.8783693,GSM
405,10,10191,52542,77.04293,13.4948273,GSM
405,10,10191,52553,77.0853935,13.4026627,GSM
405,10,10191,52543,77.0406874,13.4877071,GSM
405,10,10191,52382,76.9145148,13.7070124,GSM
405,10,10102,13523,74.8298648,12.8898453,GSM
405,10,10102,28303,74.8263551,12.8903904,GSM
405,10,10102,13413,74.8263658,12.8903605,GSM
405,10,10191,52511,77.0958113,13.3822268,GSM
405,10,10102,13412,74.8263619,12.8903776,GSM
405,10,10191,52591,77.0863857,13.3973281,GSM
405,10,10102,13283,74.8275166,12.8901684,GSM
405,10,10102,13411,74.8263589,12.8903853,GSM
405,10,10102,28302,74.8263689,12.8902642,GSM
405,10,10191,52513,77.0956405,13.3824419,GSM
405,10,10191,52512,77.0964661,13.3808753,GSM
405,10,10191,52551,77.0662862,13.4291857,GSM
405,10,10191,52511,77.0958047,13.382231,GSM
405,10,10191,52513,77.0956434,13.3824319,GSM
405,10,10032,61551,77.611166,12.92742,GSM
405,10,10032,61552,77.610137,12.9248852,GSM
405,10,10032,61553,77.611166,12.92742,GSM
405,10,10202,11792,74.7848132,16.4875542,GSM
405,10,10062,51422,77.6405226,12.9490158,GSM
405,10,10022,20112,77.4128134,13.0851693,GSM
405,10,10072,56461,77.5775124,13.0011457,GSM
405,10,10191,52633,77.1183,13.337502,GSM
405,10,10191,52742,77.0955347,13.3430776,GSM
405,10,10071,55972,77.5552421,13.0188283,GSM
405,10,10072,56462,77.576419,12.999009,GSM
405,10,10191,52562,77.117466,13.32666,GSM
405,10,10191,52563,77.117466,13.32666,GSM
405,10,10191,52741,77.1028538,13.3562736,GSM
405,10,10191,52642,77.1183,13.337502,GSM
405,10,10022,20111,77.4119394,13.08548,GSM
405,10,10022,21893,77.4359084,13.0742624,GSM
405,10,10071,36461,77.5535246,13.0152037,GSM
405,10,10191,52561,77.0950783,13.3758237,GSM
405,10,10191,52603,77.1183,13.337502,GSM
405,10,10191,52641,77.09579,13.38053,GSM
405,10,10022,20113,77.3923677,13.0997708,GSM
405,10,10191,52631,77.1082467,13.3581358,GSM
405,10,10191,52632,77.1183,13.337502,GSM
405,10,10191,52711,77.0791568,13.3857271,GSM
405,10,10191,52712,77.1063415,13.3483504,GSM
405,10,10191,52713,77.1010124,13.3427638,GSM
405,10,10191,52801,77.117466,13.32666,GSM
405,10,10191,52532,77.1861267,13.2828087,GSM
405,10,10191,52533,77.191978,13.277339,GSM
405,10,1093,10023,78.852314,18.1004052,GSM
405,10,10081,19893,76.7478848,15.7690082,GSM
405,10,10081,19901,76.705645,15.674275,GSM
405,10,10081,19923,76.7520857,15.7678744,GSM
405,10,10081,19941,76.7562844,15.8046421,GSM
405,10,10081,19943,76.7480621,15.7683444,GSM
405,10,10081,19993,76.8816124,15.6417407,GSM
405,10,10082,18632,76.915578,15.15928,GSM
405,10,10082,18651,76.915578,15.15928,GSM
405,10,10082,19251,76.911928,15.189598,GSM
405,10,10191,52513,77.0956532,13.3822679,GSM
405,10,10191,52592,77.095308,13.383183,GSM
405,10,10191,52612,77.1320616,13.3280654,GSM
405,10,10191,52663,76.98648,13.5598983,GSM
405,10,10191,52711,77.0861961,13.3802353,GSM
405,10,10191,52723,77.1320761,13.3280457,GSM
405,10,10191,52741,77.1052298,13.3605711,GSM
405,10,10231,12432,76.6975763,14.6774047,GSM
405,10,10231,12462,76.825145,14.9515633,GSM
405,10,10081,19902,76.705645,15.674275,GSM
405,10,10081,19933,76.7564237,15.7601598,GSM
405,10,10081,25132,76.7425831,15.749954,GSM
405,10,10082,18701,76.915578,15.15928,GSM
405,10,10082,18703,76.915578,15.15928,GSM
405,10,10082,19253,76.911928,15.189598,GSM
405,10,10082,51422,76.619536,14.2709357,GSM
405,10,10191,52633,77.1247457,13.3331212,GSM
405,10,10231,12442,76.745756,14.808718,GSM
405,10,10231,12463,76.8280806,14.9556199,GSM
405,10,10081,19883,76.750043,15.741306,GSM
405,10,10081,19903,76.705645,15.674275,GSM
405,10,10081,19942,76.754903,15.80602,GSM
405,10,10081,19991,76.892966,15.626965,GSM
405,10,10082,51421,76.655131,14.289376,GSM
405,10,10082,51451,76.654635,14.364403,GSM
405,10,10082,51453,76.4603686,14.1922056,GSM
405,10,10191,52541,76.9985677,13.5424813,GSM
405,10,10191,52562,77.1271728,13.3277151,GSM
405,10,10191,52603,77.1291722,13.3300149,GSM
405,10,10191,52613,77.0795741,13.408059,GSM
405,10,10191,52753,77.101231,13.368053,GSM
405,10,10231,12443,76.745756,14.808718,GSM
405,10,10231,12451,76.8198023,14.942069,GSM
405,10,10081,19731,76.823758,15.717033,GSM
405,10,10081,19911,76.7467254,15.7679623,GSM
405,10,10081,19921,76.7514608,15.7699163,GSM
405,10,10081,52963,76.754751,15.806406,GSM
405,10,10082,18633,76.915578,15.15928,GSM
405,10,10082,18682,76.9011472,15.1374743,GSM
405,10,10191,52511,77.0957713,13.3823257,GSM
405,10,10191,52542,77.0418759,13.4949119,GSM
405,10,10191,52543,77.0407514,13.4893514,GSM
405,10,10191,52551,77.072637,13.4194085,GSM
405,10,10191,52561,77.0967234,13.3740721,GSM
405,10,10191,52641,77.095729,13.3810018,GSM
405,10,10231,12461,76.8271684,14.9543594,GSM
405,10,10081,19912,76.7483149,15.7684412,GSM
405,10,10081,19913,76.7465559,15.7670898,GSM
405,10,10082,19252,76.911928,15.189598,GSM
405,10,10082,19311,76.91423,15.3444,GSM
405,10,10082,51423,76.5583253,14.2389455,GSM
405,10,10191,25112,76.9185547,13.5786594,GSM
405,10,10191,52512,77.0964162,13.3809544,GSM
405,10,10191,52553,77.0842454,13.4053863,GSM
405,10,10191,52571,77.0871353,13.399384,GSM
405,10,10191,52661,76.9572696,13.6076153,GSM
405,10,10191,52662,76.9662107,13.5936834,GSM
405,10,10191,52721,77.1326676,13.3272437,GSM
405,10,10081,19891,76.7546281,15.7783227,GSM
405,10,10081,19892,76.7580799,15.7603966,GSM
405,10,10081,19922,76.7593837,15.7382303,GSM
405,10,10081,19992,76.8627215,15.6663255,GSM
405,10,10082,18593,76.915578,15.15928,GSM
405,10,10082,18693,76.915578,15.15928,GSM
405,10,10191,52591,77.0878479,13.3950101,GSM
405,10,10191,52602,77.1320761,13.3280457,GSM
405,10,10191,52631,77.1060386,13.3646049,GSM
405,10,10191,52751,77.0972397,13.3781284,GSM
405,10,10231,12433,76.736926,14.7104847,GSM
405,10,10022,20131,77.6763012,13.1772991,GSM
405,10,10061,50463,77.6081995,13.0276411,GSM
405,10,10061,51292,77.6336186,13.0671104,GSM
405,10,10061,51293,77.6244556,13.0674671,GSM
405,10,10072,55181,77.5723256,12.9750647,GSM
405,10,10072,55371,77.5793632,12.9842043,GSM
405,10,10022,21871,77.6708482,13.1460918,GSM
405,10,10041,39681,77.6713137,13.1466684,GSM
405,10,10061,36853,77.6141156,13.0294011,GSM
405,10,10061,50092,77.6050534,13.0383273,GSM
405,10,10061,51583,77.6103304,13.0353688,GSM
405,10,10022,20133,77.6933469,13.188602,GSM
405,10,10022,51413,77.6336046,13.0671899,GSM
405,10,10061,50061,77.6102508,13.0399489,GSM
405,10,10061,50062,77.6089876,13.033979,GSM
405,10,10061,50072,77.6085007,13.0385055,GSM
405,10,10061,50831,77.6325854,13.0662522,GSM
405,10,10061,51263,77.6080728,13.0278293,GSM
405,10,10072,55373,77.5761177,12.9784728,GSM
405,10,10072,55531,77.5737066,12.9783109,GSM
405,10,10022,20132,77.6707238,13.1459548,GSM
405,10,10022,21882,77.67044,13.146888,GSM
405,10,10061,36753,77.6362935,13.0668134,GSM
405,10,10061,39141,77.6258374,13.0688825,GSM
405,10,10061,50051,77.6127319,13.0420495,GSM
405,10,10061,50462,77.6169823,13.0263471,GSM
405,10,10061,51201,77.6094546,13.0343947,GSM
405,10,10061,51203,77.6072689,13.0285655,GSM
405,10,10061,51611,77.6247887,13.035585,GSM
405,10,10022,35291,77.6713001,13.1466772,GSM
405,10,10061,36752,77.6437418,13.0648471,GSM
405,10,10061,50053,77.6112082,13.0407455,GSM
405,10,10061,50071,77.6091317,13.040218,GSM
405,10,10061,50073,77.6019748,13.0397958,GSM
405,10,10061,50461,77.6082226,13.0289843,GSM
405,10,10061,50833,77.6204503,13.0620735,GSM
405,10,10072,55792,77.5720385,12.9780099,GSM
405,10,10061,50063,77.6077452,13.0331533,GSM
405,10,10061,50311,77.6309736,13.0242839,GSM
405,10,10061,51202,77.6091883,13.0292255,GSM
405,10,10061,51291,77.6126109,13.0791724,GSM
405,10,10072,55182,77.5741213,12.9753346,GSM
405,10,10021,20122,77.3076264,13.2380618,GSM
405,10,10231,26861,76.013053,14.3468195,GSM
405,10,10022,21643,77.7092853,13.1999513,GSM
405,10,10062,41912,77.6822942,13.0009646,GSM
405,10,10182,41463,75.010718,15.448886,GSM
405,10,10182,41463,75.010765,15.448884,GSM
405,10,10182,41463,75.010794,15.448887,GSM
405,10,10182,41463,75.01087,15.448889,GSM
405,10,10102,13793,74.841463,12.891267,GSM
405,10,10102,13321,74.841463,12.891267,GSM
405,10,10102,14063,74.841463,12.891267,GSM
405,10,10102,13893,74.841463,12.891267,GSM
405,10,10102,13322,74.841463,12.891267,GSM
405,10,10102,13673,74.841463,12.891267,GSM
405,10,10102,13503,74.836427,12.9086935,GSM
405,10,10,288305,77.529226,12.944848,LTE
405,10,10121,48133,76.6546385,12.3129125,GSM
405,10,10121,49593,76.6545986,12.3112066,GSM
405,10,10121,49612,76.6537397,12.3122553,GSM
405,10,10121,49611,76.6542088,12.3131778,GSM
405,10,10121,48263,76.6522326,12.3098904,GSM
405,10,10121,49793,76.6553943,12.3133555,GSM
405,10,10121,48131,76.6556948,12.3134892,GSM
405,10,10121,48132,76.6567455,12.3126675,GSM
405,10,10071,20413,77.5676861,13.0508672,GSM
405,10,10121,48212,76.6300218,12.3218523,GSM
405,10,10121,43201,76.6729825,12.2650459,GSM
405,10,10121,48101,76.6298438,12.3140903,GSM
405,10,10121,48213,76.6275462,12.316525,GSM
405,10,10121,49973,76.6664365,12.3035813,GSM
405,10,10121,48122,76.6181525,12.3228408,GSM
405,10,10052,61413,77.6723492,12.8154462,GSM
405,10,10162,11672,74.6636897,14.9223061,GSM
405,10,10191,52552,77.101581,13.377495,GSM
405,10,10191,52511,77.0957968,13.3822785,GSM
405,10,10191,52512,77.0959988,13.3814627,GSM
405,10,10191,52461,77.044683,13.49461,GSM
405,10,10191,52542,77.0427577,13.494743,GSM
405,10,10191,52543,77.040454,13.4871901,GSM
405,10,10191,52551,77.0598569,13.4392278,GSM
405,10,10191,52631,77.096198,13.382865,GSM
405,10,10191,52641,77.0954718,13.3826263,GSM
405,10,10191,52553,77.0857811,13.4015913,GSM
405,10,10191,52561,77.0760734,13.4107675,GSM
405,10,10191,52571,77.0850376,13.4036809,GSM
405,10,10191,52513,77.0954592,13.382711,GSM
405,10,10191,52751,77.0980636,13.3754534,GSM
405,10,10191,52601,77.05156,13.454379,GSM
405,10,10191,52711,77.0766916,13.390612,GSM
405,10,10191,52591,77.0851836,13.3993072,GSM
405,10,10191,52613,77.047401,13.4594912,GSM
405,10,10051,30243,77.5972995,12.9410348,GSM
405,10,10051,39623,77.6049396,12.9423529,GSM
405,10,10032,31021,77.6003615,12.9376901,GSM
405,10,10051,30241,77.5973924,12.9412394,GSM
405,10,10051,60133,77.6024354,12.9412067,GSM
405,10,10031,30383,77.4693529,12.9268942,GSM
405,10,13,258832,77.707958,12.953962,LTE
405,10,10122,48331,77.1157953,12.0238754,GSM
405,10,10141,16133,74.895249,13.864709,GSM
405,10,10052,38031,77.6680328,12.8193928,GSM
405,10,10032,31271,77.5921067,12.9287857,GSM
405,10,10032,31272,77.5942577,12.9290683,GSM
405,10,10032,31273,77.5920077,12.928759,GSM
405,10,10032,30763,77.5872861,12.9321778,GSM
405,10,10032,31131,77.5820178,12.9331921,GSM
405,10,10052,61413,77.6724373,12.815453,GSM
405,10,10032,31131,77.5821651,12.9331321,GSM
405,10,10032,31273,77.592027,12.9287966,GSM
405,10,10032,31271,77.5921144,12.9288247,GSM
405,10,10032,34702,77.5860581,12.9251385,GSM
405,10,10032,31272,77.5940734,12.9290672,GSM
405,10,10191,52512,77.0965141,13.3807879,GSM
405,10,10191,52542,77.042823,13.4947381,GSM
405,10,10191,52543,77.0405716,13.487418,GSM
405,10,10191,52553,77.0862508,13.4007468,GSM
405,10,10191,52751,77.0978229,13.376101,GSM
405,10,10191,52513,77.0956583,13.3824528,GSM
405,10,10191,52551,77.0640686,13.4327177,GSM
405,10,10191,52511,77.0958469,13.3822063,GSM
405,10,43,629297,76.6727125,13.9013761,LTE
405,10,72,566064,76.8582976,13.7654703,LTE
405,10,89,1210417,77.375307,13.113767,LTE
405,10,10191,52543,77.0406529,13.4876316,GSM
405,10,10191,52751,77.0977601,13.376253,GSM
405,10,10191,52542,77.04292,13.4948834,GSM
405,10,10191,52511,77.0958279,13.3822116,GSM
405,10,10191,52513,77.0956432,13.3824507,GSM
405,10,10191,52512,77.0964998,13.3808088,GSM
405,10,1,155152,77.5707131,12.97811,LTE
405,10,1,155186,77.5712746,12.9783865,LTE
405,10,31,1070627,77.5940357,12.9814057,LTE
405,10,1,911890,77.5816778,12.9805341,LTE
405,10,32,99088,77.6141356,12.9739501,LTE
405,10,31,1069605,77.6043246,12.9775502,LTE
405,10,31,1069618,77.6020695,12.9788744,LTE
405,10,31,103460,77.5886207,12.9852831,LTE
405,10,5,1174051,77.6128092,13.1259641,LTE
405,10,31,1070641,77.5957906,12.9821574,LTE
405,10,10022,50502,77.5929336,13.0580905,GSM
405,10,10022,21262,77.5942691,13.0928799,GSM
405,10,10062,51081,77.6076662,12.9757531,GSM
405,10,31,1043760,77.5998014,12.9751515,LTE
405,10,1,912419,77.5763284,12.9752149,LTE
405,10,31,1070609,77.5995126,12.9755607,LTE
405,10,31,1680656,77.6023313,12.9771133,LTE
405,10,11,1061138,77.580938,12.973993,LTE
405,10,10191,52511,77.0958399,13.3821835,GSM
405,10,10191,52512,77.0965184,13.3807702,GSM
405,10,10191,52513,77.0956694,13.382397,GSM
405,10,10191,52513,77.0956514,13.3824244,GSM
405,10,10191,52751,77.0976398,13.3765687,GSM
405,10,10191,52511,77.0958219,13.3822116,GSM
405,10,10191,52512,77.0964991,13.3808077,GSM
405,10,10032,31271,77.5921039,12.9288439,GSM
405,10,10032,31273,77.5920226,12.9288151,GSM
405,10,10032,31131,77.5822346,12.9331036,GSM
405,10,10032,34702,77.5860698,12.9251465,GSM
405,10,10032,31272,77.593992,12.9290696,GSM
405,10,10031,60872,77.5142961,12.8783693,GSM
405,10,10191,52542,77.04293,13.4948273,GSM
405,10,10191,52553,77.0853935,13.4026627,GSM
405,10,10191,52543,77.0406874,13.4877071,GSM
405,10,10191,52382,76.9145148,13.7070124,GSM
405,10,10102,13523,74.8298648,12.8898453,GSM
405,10,10102,28303,74.8263551,12.8903904,GSM
405,10,10102,13413,74.8263658,12.8903605,GSM
405,10,10191,52511,77.0958113,13.3822268,GSM
405,10,10102,13412,74.8263619,12.8903776,GSM
405,10,10191,52591,77.0863857,13.3973281,GSM
405,10,10102,13283,74.8275166,12.8901684,GSM
405,10,10102,13411,74.8263589,12.8903853,GSM
405,10,10102,28302,74.8263689,12.8902642,GSM
405,10,10191,52513,77.0956405,13.3824419,GSM
405,10,10191,52512,77.0964661,13.3808753,GSM
405,10,10191,52551,77.0662862,13.4291857,GSM
405,10,10191,52511,77.0958047,13.382231,GSM
405,10,10191,52513,77.0956434,13.3824319,GSM
405,10,10032,61551,77.611166,12.92742,GSM
405,10,10032,61552,77.610137,12.9248852,GSM
405,10,10032,61553,77.611166,12.92742,GSM
405,10,10202,11792,74.7848132,16.4875542,GSM
405,10,10062,51422,77.6405226,12.9490158,GSM
405,10,10022,20112,77.4128134,13.0851693,GSM
405,10,10072,56461,77.5775124,13.0011457,GSM
405,10,10191,52633,77.1183,13.337502,GSM
405,10,10191,52742,77.0955347,13.3430776,GSM
405,10,10071,55972,77.5552421,13.0188283,GSM
405,10,10072,56462,77.576419,12.999009,GSM
405,10,10191,52562,77.117466,13.32666,GSM
405,10,10191,52563,77.117466,13.32666,GSM
405,10,10191,52741,77.1028538,13.3562736,GSM
405,10,10191,52642,77.1183,13.337502,GSM
405,10,10022,20111,77.4119394,13.08548,GSM
405,10,10022,21893,77.4359084,13.0742624,GSM
405,10,10071,36461,77.5535246,13.0152037,GSM
405,10,10191,52561,77.0950783,13.3758237,GSM
405,10,10191,52603,77.1183,13.337502,GSM
405,10,10191,52641,77.09579,13.38053,GSM
405,10,10022,20113,77.3923677,13.0997708,GSM
405,10,10191,52631,77.1082467,13.3581358,GSM
405,10,10191,52632,77.1183,13.337502,GSM
405,10,10191,52711,77.0791568,13.3857271,GSM
405,10,10191,52712,77.1063415,13.3483504,GSM
405,10,10191,52713,77.1010124,13.3427638,GSM
405,10,10191,52801,77.117466,13.32666,GSM
405,10,10191,52532,77.1861267,13.2828087,GSM
405,10,10191,52533,77.191978,13.277339,GSM
405,10,1093,10023,78.852314,18.1004052,GSM
405,10,10081,19893,76.7478848,15.7690082,GSM
405,10,10081,19901,76.705645,15.674275,GSM
405,10,10081,19923,76.7520857,15.7678744,GSM
405,10,10081,19941,76.7562844,15.8046421,GSM
405,10,10081,19943,76.7480621,15.7683444,GSM
405,10,10081,19993,76.8816124,15.6417407,GSM
405,10,10082,18632,76.915578,15.15928,GSM
405,10,10082,18651,76.915578,15.15928,GSM
405,10,10082,19251,76.911928,15.189598,GSM
405,10,10191,52513,77.0956532,13.3822679,GSM
405,10,10191,52592,77.095308,13.383183,GSM
405,10,10191,52612,77.1320616,13.3280654,GSM
405,10,10191,52663,76.98648,13.5598983,GSM
405,10,10191,52711,77.0861961,13.3802353,GSM
405,10,10191,52723,77.1320761,13.3280457,GSM
405,10,10191,52741,77.1052298,13.3605711,GSM
405,10,10231,12432,76.6975763,14.6774047,GSM
405,10,10231,12462,76.825145,14.9515633,GSM
405,10,10081,19902,76.705645,15.674275,GSM
405,10,10081,19933,76.7564237,15.7601598,GSM
405,10,10081,25132,76.7425831,15.749954,GSM
405,10,10082,18701,76.915578,15.15928,GSM
405,10,10082,18703,76.915578,15.15928,GSM
405,10,10082,19253,76.911928,15.189598,GSM
405,10,10082,51422,76.619536,14.2709357,GSM
405,10,10191,52633,77.1247457,13.3331212,GSM
405,10,10231,12442,76.745756,14.808718,GSM
405,10,10231,12463,76.8280806,14.9556199,GSM
405,10,10081,19883,76.750043,15.741306,GSM
405,10,10081,19903,76.705645,15.674275,GSM
405,10,10081,19942,76.754903,15.80602,GSM
405,10,10081,19991,76.892966,15.626965,GSM
405,10,10082,51421,76.655131,14.289376,GSM
405,10,10082,51451,76.654635,14.364403,GSM
405,10,10082,51453,76.4603686,14.1922056,GSM
405,10,10191,52541,76.9985677,13.5424813,GSM
405,10,10191,52562,77.1271728,13.3277151,GSM
405,10,10191,52603,77.1291722,13.3300149,GSM
405,10,10191,52613,77.0795741,13.408059,GSM
405,10,10191,52753,77.101231,13.368053,GSM
405,10,10231,12443,76.745756,14.808718,GSM
405,10,10231,12451,76.8198023,14.942069,GSM
405,10,10081,19731,76.823758,15.717033,GSM
405,10,10081,19911,76.7467254,15.7679623,GSM
405,10,10081,19921,76.7514608,15.7699163,GSM
405,10,10081,52963,76.754751,15.806406,GSM
405,10,10082,18633,76.915578,15.15928,GSM
405,10,10082,18682,76.9011472,15.1374743,GSM
405,10,10191,52511,77.0957713,13.3823257,GSM
405,10,10191,52542,77.0418759,13.4949119,GSM
405,10,10191,52543,77.0407514,13.4893514,GSM
405,10,10191,52551,77.072637,13.4194085,GSM
405,10,10191,52561,77.0967234,13.3740721,GSM
405,10,10191,52641,77.095729,13.3810018,GSM
405,10,10231,12461,76.8271684,14.9543594,GSM
405,10,10081,19912,76.7483149,15.7684412,GSM
405,10,10081,19913,76.7465559,15.7670898,GSM
405,10,10082,19252,76.911928,15.189598,GSM
405,10,10082,19311,76.91423,15.3444,GSM
405,10,10082,51423,76.5583253,14.2389455,GSM
405,10,10191,25112,76.9185547,13.5786594,GSM
405,10,10191,52512,77.0964162,13.3809544,GSM
405,10,10191,52553,77.0842454,13.4053863,GSM
405,10,10191,52571,77.0871353,13.399384,GSM
405,10,10191,52661,76.9572696,13.6076153,GSM
405,10,10191,52662,76.9662107,13.5936834,GSM
405,10,10191,52721,77.1326676,13.3272437,GSM
405,10,10081,19891,76.7546281,15.7783227,GSM
405,10,10081,19892,76.7580799,15.7603966,GSM
405,10,10081,19922,76.7593837,15.7382303,GSM
405,10,10081,19992,76.8627215,15.6663255,GSM
405,10,10082,18593,76.915578,15.15928,GSM
405,10,10082,18693,76.915578,15.15928,GSM
405,10,10191,52591,77.0878479,13.3950101,GSM
405,10,10191,52602,77.1320761,13.3280457,GSM
405,10,10191,52631,77.1060386,13.3646049,GSM
405,10,10191,52751,77.0972397,13.3781284,GSM
405,10,10231,12433,76.736926,14.7104847,GSM
405,10,10022,20131,77.6763012,13.1772991,GSM
405,10,10061,50463,77.6081995,13.0276411,GSM
405,10,10061,51292,77.6336186,13.0671104,GSM
405,10,10061,51293,77.6244556,13.0674671,GSM
405,10,10072,55181,77.5723256,12.9750647,GSM
405,10,10072,55371,77.5793632,12.9842043,GSM
405,10,10022,21871,77.6708482,13.1460918,GSM
405,10,10041,39681,77.6713137,13.1466684,GSM
405,10,10061,36853,77.6141156,13.0294011,GSM
405,10,10061,50092,77.6050534,13.0383273,GSM
405,10,10061,51583,77.6103304,13.0353688,GSM
405,10,10022,20133,77.6933469,13.188602,GSM
405,10,10022,51413,77.6336046,13.0671899,GSM
405,10,10061,50061,77.6102508,13.0399489,GSM
405,10,10061,50062,77.6089876,13.033979,GSM
405,10,10061,50072,77.6085007,13.0385055,GSM
405,10,10061,50831,77.6325854,13.0662522,GSM
405,10,10061,51263,77.6080728,13.0278293,GSM
405,10,10072,55373,77.5761177,12.9784728,GSM
405,10,10072,55531,77.5737066,12.9783109,GSM
405,10,10022,20132,77.6707238,13.1459548,GSM
405,10,10022,21882,77.67044,13.146888,GSM
405,10,10061,36753,77.6362935,13.0668134,GSM
405,10,10061,39141,77.6258374,13.0688825,GSM
405,10,10061,50051,77.6127319,13.0420495,GSM
405,10,10061,50462,77.6169823,13.0263471,GSM
405,10,10061,51201,77.6094546,13.0343947,GSM
405,10,10061,51203,77.6072689,13.0285655,GSM
405,10,10061,51611,77.6247887,13.035585,GSM
405,10,10022,35291,77.6713001,13.1466772,GSM
405,10,10061,36752,77.6437418,13.0648471,GSM
405,10,10061,50053,77.6112082,13.0407455,GSM
405,10,10061,50071,77.6091317,13.040218,GSM
405,10,10061,50073,77.6019748,13.0397958,GSM
405,10,10061,50461,77.6082226,13.0289843,GSM
405,10,10061,50833,77.6204503,13.0620735,GSM
405,10,10072,55792,77.5720385,12.9780099,GSM
405,10,10061,50063,77.6077452,13.0331533,GSM
405,10,10061,50311,77.6309736,13.0242839,GSM
405,10,10061,51202,77.6091883,13.0292255,GSM
405,10,10061,51291,77.6126109,13.0791724,GSM
405,10,10072,55182,77.5741213,12.9753346,GSM
405,10,10021,20122,77.3076264,13.2380618,GSM
405,10,10231,26861,76.013053,14.3468195,GSM
405,10,10022,21643,77.7092853,13.1999513,GSM
405,10,10062,41912,77.6822942,13.0009646,GSM
405,10,10182,41463,75.010718,15.448886,GSM
405,10,10182,41463,75.010765,15.448884,GSM
405,10,10182,41463,75.010794,15.448887,GSM
405,10,10182,41463,75.01087,15.448889,GSM
405,10,10102,13793,74.841463,12.891267,GSM
405,10,10102,13321,74.841463,12.891267,GSM
405,10,10102,14063,74.841463,12.891267,GSM
405,10,10102,13893,74.841463,12.891267,GSM
405,10,10102,13322,74.841463,12.891267,GSM
405,10,10102,13673,74.841463,12.891267,GSM
405,10,10102,13503,74.836427,12.9086935,GSM
405,10,10,288305,77.529226,12.944848,LTE
405,10,10022,20073,77.3814586,13.1047756,GSM
405,10,10022,21331,77.5035541,13.045831,GSM
405,10,10032,63061,77.6230757,12.9163134,GSM
405,10,10041,40542,77.6994569,12.9496565,GSM
405,10,10041,40903,77.7047334,12.9562684,GSM
405,10,10051,64261,77.6264482,12.9117192,GSM
405,10,10062,35252,77.6966534,12.9573267,GSM
405,10,10062,36911,77.6472762,12.9616658,GSM
405,10,10062,51333,77.610796,12.9737434,GSM
405,10,10071,36661,77.5281831,13.0275513,GSM
405,10,10071,55213,77.551258,12.997853,GSM
405,10,10072,36163,77.5666801,12.9970619,GSM
405,10,10191,52462,77.044663,13.494616,GSM
405,10,10191,52531,77.1546877,13.3076773,GSM
405,10,10191,52553,77.0844109,13.4046766,GSM
405,10,10191,52571,77.0835072,13.4074481,GSM
405,10,10022,20111,77.4114343,13.0857036,GSM
405,10,10022,21921,77.495117,13.0530081,GSM
405,10,10032,60333,77.6233402,12.9159468,GSM
405,10,10032,60943,77.6251163,12.9168585,GSM
405,10,10041,40312,77.6990157,12.9459871,GSM
405,10,10041,41311,77.6999104,12.9577037,GSM
405,10,10062,50562,77.6465732,12.9600415,GSM
405,10,10062,51082,77.6079383,12.9730086,GSM
405,10,10071,51712,77.5530585,12.9996355,GSM
405,10,10071,55762,77.551258,12.997853,GSM
405,10,10071,56443,77.5520231,12.9985843,GSM
405,10,10071,56582,77.531269,13.033835,GSM
405,10,10191,52511,77.0956802,13.3823248,GSM
405,10,10191,52551,77.0721729,13.4201363,GSM
405,10,10021,21241,77.2629963,13.2090474,GSM
405,10,10022,20081,77.3224829,13.1598097,GSM
405,10,10022,20113,77.3924496,13.0992045,GSM
405,10,10022,21222,77.4023484,13.0902875,GSM
405,10,10022,21503,77.5005301,13.0473791,GSM
405,10,10022,21922,77.4985663,13.0482948,GSM
405,10,10041,40543,77.6917398,12.9489554,GSM
405,10,10041,40671,77.7006783,12.9523877,GSM
405,10,10041,41313,77.6970447,12.9563848,GSM
405,10,10062,41922,77.6992775,12.9469315,GSM
405,10,10062,50881,77.6106501,12.9742249,GSM
405,10,10062,50953,77.6438373,12.961668,GSM
405,10,10071,21481,77.531269,13.033835,GSM
405,10,10072,55183,77.5719889,12.9752966,GSM
405,10,10072,55741,77.5718745,12.9777419,GSM
405,10,10072,55792,77.5720362,12.978009,GSM
405,10,10072,55793,77.5718079,12.9772134,GSM
405,10,10191,52543,77.0415526,13.4906623,GSM
405,10,10191,52633,77.1212477,13.3345472,GSM
405,10,10191,52642,77.1164725,13.3378445,GSM
405,10,10191,52711,77.0939543,13.3611165,GSM
405,10,10022,20112,77.4122216,13.0854278,GSM
405,10,10032,60331,77.6229837,12.9165229,GSM
405,10,10032,60782,77.6226524,12.9172248,GSM
405,10,10032,63062,77.624073,12.9149091,GSM
405,10,10041,40311,77.7007455,12.9519874,GSM
405,10,10041,40313,77.6996136,12.9492851,GSM
405,10,10041,40632,77.7031929,12.962296,GSM
405,10,10041,40673,77.6983141,12.9451942,GSM
405,10,10062,50563,77.6468624,12.960359,GSM
405,10,10062,51081,77.6076877,12.9757295,GSM
405,10,10071,20643,77.5322167,13.0333453,GSM
405,10,10071,55132,77.5488406,13.0076414,GSM
405,10,10071,55212,77.551258,12.997853,GSM
405,10,10072,55181,77.5723052,12.9751549,GSM
405,10,10191,52542,77.0422782,13.4946449,GSM
405,10,10191,52622,77.0969607,13.3429039,GSM
405,10,10191,52641,77.0982403,13.3720661,GSM
405,10,10191,52713,77.1011921,13.3424524,GSM
405,10,10191,52723,77.1330566,13.327053,GSM
405,10,10191,52732,77.0995593,13.3419901,GSM
405,10,10191,52741,77.1034454,13.3499936,GSM
405,10,10191,52743,77.1008712,13.3420036,GSM
405,10,10022,20072,77.4030903,13.0892008,GSM
405,10,10022,21223,77.3761076,13.1110594,GSM
405,10,10022,21923,77.4748806,13.05786,GSM
405,10,10032,60142,77.6110639,12.9340194,GSM
405,10,10041,40541,77.6968589,12.9542858,GSM
405,10,10062,50561,77.6455272,12.9627863,GSM
405,10,10071,51711,77.5527198,13.0086689,GSM
405,10,10071,51713,77.5429325,13.0028237,GSM
405,10,10071,56163,77.5516527,12.9996849,GSM
405,10,10072,55182,77.5740905,12.9753668,GSM
405,10,10191,52513,77.0954249,13.3821747,GSM
405,10,10191,52561,77.0969934,13.3732249,GSM
405,10,10191,52613,77.0840481,13.3973595,GSM
405,10,10191,52753,77.0955881,13.378453,GSM
405,10,10022,21221,77.3734506,13.1179408,GSM
405,10,10032,60332,77.6240863,12.9150992,GSM
405,10,10041,40633,77.7000734,12.9595172,GSM
405,10,10062,51083,77.6075544,12.9714998,GSM
405,10,10071,21482,77.531269,13.033835,GSM
405,10,10071,55211,77.5542445,13.0007076,GSM
405,10,10191,52461,77.0446124,13.4945797,GSM
405,10,10191,52512,77.0962478,13.3811812,GSM
405,10,10191,52722,77.145473,13.314481,GSM
405,10,10191,52742,77.0983372,13.3422215,GSM
405,10,10191,52751,77.0968327,13.378764,GSM
405,10,10191,52632,77.1182434,13.3375243,GSM
405,10,10191,52712,77.1062,13.3415988,GSM
405,10,10191,52762,77.161953,13.302313,GSM
405,10,10191,52801,77.13882,13.3173741,GSM
405,10,10191,52603,77.1253405,13.3325916,GSM
405,10,10191,52631,77.1102515,13.3495175,GSM
405,10,10191,52802,77.145473,13.314481,GSM
405,10,10191,52763,77.1527571,13.3091028,GSM
